Rank,irradiance
0,0
1,0
2,0
3,0
4,0
5,0
6,0
7,0
8,1
9,13
10,23
11,23
12,29
13,30
14,16
15,2
16,0
17,0
18,0
19,0
20,0
21,0
22,0
23,0
24,0
25,0
26,0
27,0
28,0
29,0
30,0
31,0
32,4
33,27
34,87
35,157
36,161
37,57
38,11
39,0
40,0
41,0
42,0
43,0
44,0
45,0
46,0
47,0
48,0
49,0
50,0
51,0
52,0
53,0
54,0
55,0
56,1
57,10
58,26
59,18
60,16
61,14
62,5
63,3
64,0
65,0
66,0
67,0
68,0
69,0
70,0
71,0
72,0
73,0
74,0
75,0
76,0
77,0
78,0
79,0
80,7
81,66
82,133
83,154
84,171
85,34
86,40
87,5
88,0
89,0
90,0
91,0
92,0
93,0
94,0
95,0
96,0
97,0
98,0
99,0
100,0
101,0
102,0
103,0
104,7
105,72
106,146
107,168
108,174
109,136
110,68
111,6
112,0
113,0
114,0
115,0
116,0
117,0
118,0
119,0
120,0
121,0
122,0
123,0
124,0
125,0
126,0
127,0
128,10
129,79
130,133
131,82
132,68
133,80
134,39
135,4
136,0
137,0
138,0
139,0
140,0
141,0
142,0
143,0
144,0
145,0
146,0
147,0
148,0
149,0
150,0
151,0
152,1
153,16
154,46
155,94
156,67
157,31
158,20
159,6
160,0
161,0
162,0
163,0
164,0
165,0
166,0
167,0
168,0
169,0
170,0
171,0
172,0
173,0
174,0
175,0
176,3
177,21
178,64
179,94
180,172
181,100
182,43
183,4
184,0
185,0
186,0
187,0
188,0
189,0
190,0
191,0
192,0
193,0
194,0
195,0
196,0
197,0
198,0
199,0
200,4
201,24
202,89
203,107
204,94
205,67
206,17
207,3
208,0
209,0
210,0
211,0
212,0
213,0
214,0
215,0
216,0
217,0
218,0
219,0
220,0
221,0
222,0
223,0
224,1
225,6
226,8
227,25
228,88
229,67
230,27
231,6
232,0
233,0
234,0
235,0
236,0
237,0
238,0
239,0
240,0
241,0
242,0
243,0
244,0
245,0
246,0
247,0
248,0
249,7
250,48
251,117
252,76
253,54
254,50
255,2
256,0
257,0
258,0
259,0
260,0
261,2
262,0
263,0
264,0
265,0
266,0
267,0
268,0
269,0
270,0
271,0
272,2
273,33
274,43
275,77
276,189
277,31
278,23
279,7
280,0
281,0
282,0
283,0
284,0
285,0
286,0
287,0
288,0
289,0
290,0
291,0
292,0
293,0
294,0
295,0
296,11
297,86
298,144
299,191
300,108
301,64
302,86
303,5
304,0
305,0
306,0
307,0
308,0
309,0
310,0
311,0
312,0
313,0
314,0
315,0
316,0
317,0
318,0
319,0
320,3
321,60
322,38
323,77
324,36
325,17
326,50
327,6
328,0
329,0
330,0
331,0
332,0
333,0
334,0
335,0
336,0
337,0
338,0
339,0
340,0
341,0
342,0
343,0
344,23
345,98
346,160
347,198
348,193
349,152
350,80
351,9
352,0
353,0
354,0
355,0
356,0
357,0
358,0
359,0
360,0
361,0
362,0
363,0
364,0
365,0
366,0
367,0
368,76
369,219
370,296
371,316
372,248
373,172
374,84
375,12
376,0
377,0
378,0
379,0
380,0
381,0
382,0
383,0
384,0
385,0
386,0
387,0
388,0
389,0
390,0
391,0
392,9
393,43
394,64
395,81
396,92
397,100
398,40
399,8
400,0
401,0
402,0
403,0
404,0
405,0
406,0
407,0
408,0
409,0
410,0
411,0
412,0
413,0
414,0
415,0
416,13
417,42
418,46
419,60
420,53
421,35
422,19
423,4
424,0
425,0
426,0
427,0
428,0
429,0
430,0
431,0
432,0
433,0
434,0
435,0
436,0
437,0
438,0
439,0
440,9
441,41
442,56
443,24
444,64
445,35
446,25
447,4
448,0
449,0
450,0
451,0
452,0
453,0
454,0
455,0
456,0
457,0
458,0
459,0
460,0
461,0
462,0
463,0
464,8
465,17
466,30
467,28
468,33
469,61
470,43
471,8
472,0
473,0
474,0
475,0
476,0
477,0
478,0
479,0
480,0
481,0
482,0
483,0
484,0
485,0
486,0
487,1
488,17
489,40
490,70
491,77
492,73
493,71
494,34
495,7
496,0
497,0
498,0
499,0
500,0
501,0
502,0
503,0
504,0
505,0
506,0
507,0
508,0
509,0
510,0
511,0
512,10
513,21
514,24
515,52
516,46
517,29
518,10
519,5
520,0
521,0
522,0
523,0
524,0
525,0
526,0
527,0
528,0
529,0
530,0
531,0
532,0
533,0
534,0
535,0
536,10
537,28
538,101
539,26
540,199
541,161
542,89
543,18
544,0
545,0
546,0
547,0
548,0
549,0
550,0
551,0
552,0
553,0
554,0
555,0
556,0
557,0
558,0
559,0
560,11
561,36
562,68
563,74
564,111
565,75
566,35
567,8
568,0
569,0
570,0
571,0
572,0
573,0
574,0
575,0
576,0
577,0
578,0
579,0
580,0
581,0
582,0
583,0
584,16
585,37
586,46
587,49
588,40
589,22
590,11
591,2
592,0
593,0
594,0
595,0
596,0
597,0
598,0
599,0
600,0
601,0
602,0
603,0
604,0
605,0
606,0
607,1
608,21
609,50
610,101
611,222
612,178
613,72
614,38
615,8
616,0
617,0
618,0
619,0
620,0
621,0
622,0
623,0
624,0
625,0
626,0
627,0
628,0
629,0
630,0
631,2
632,66
633,144
634,207
635,235
636,122
637,127
638,78
639,16
640,0
641,0
642,0
643,0
644,0
645,0
646,0
647,0
648,0
649,0
650,0
651,0
652,0
653,0
654,0
655,6
656,55
657,154
658,214
659,149
660,138
661,180
662,65
663,17
664,0
665,0
666,0
667,0
668,0
669,0
670,0
671,0
672,0
673,0
674,0
675,0
676,0
677,0
678,0
679,4
680,28
681,61
682,47
683,18
684,17
685,48
686,96
687,19
688,0
689,0
690,0
691,0
692,0
693,0
694,0
695,0
696,0
697,0
698,0
699,0
700,0
701,0
702,0
703,2
704,23
705,51
706,80
707,106
708,64
709,66
710,33
711,10
712,0
713,0
714,0
715,0
716,0
717,0
718,0
719,0
720,0
721,0
722,0
723,0
724,0
725,0
726,0
727,3
728,17
729,43
730,46
731,87
732,55
733,52
734,29
735,5
736,0
737,0
738,0
739,0
740,0
741,0
742,0
743,0
744,0
745,0
746,0
747,0
748,0
749,0
750,0
751,1
752,15
753,21
754,44
755,62
756,55
757,75
758,28
759,6
760,0
761,0
762,0
763,0
764,0
765,0
766,0
767,0
768,0
769,0
770,0
771,0
772,0
773,0
774,0
775,1
776,7
777,17
778,23
779,34
780,43
781,30
782,23
783,7
784,0
785,0
786,0
787,0
788,0
789,0
790,0
791,0
792,0
793,0
794,0
795,0
796,0
797,0
798,0
799,3
800,15
801,28
802,53
803,45
804,49
805,28
806,17
807,5
808,0
809,0
810,0
811,0
812,0
813,0
814,0
815,0
816,0
817,0
818,0
819,0
820,0
821,0
822,0
823,4
824,24
825,34
826,20
827,46
828,37
829,12
830,10
831,4
832,0
833,0
834,0
835,0
836,0
837,0
838,0
839,0
840,0
841,0
842,0
843,0
844,0
845,0
846,0
847,3
848,13
849,46
850,42
851,51
852,41
853,27
854,14
855,3
856,0
857,0
858,0
859,0
860,0
861,0
862,0
863,0
864,0
865,0
866,0
867,0
868,0
869,0
870,0
871,9
872,69
873,79
874,157
875,164
876,171
877,128
878,43
879,25
880,0
881,0
882,0
883,0
884,0
885,0
886,0
887,0
888,0
889,0
890,0
891,0
892,0
893,0
894,0
895,9
896,34
897,67
898,95
899,143
900,128
901,45
902,22
903,6
904,0
905,0
906,0
907,0
908,0
909,0
910,0
911,0
912,0
913,0
914,0
915,0
916,0
917,0
918,0
919,5
920,18
921,43
922,96
923,133
924,139
925,48
926,32
927,22
928,0
929,0
930,0
931,0
932,0
933,0
934,0
935,0
936,0
937,0
938,0
939,0
940,0
941,0
942,0
943,5
944,33
945,110
946,165
947,223
948,156
949,88
950,45
951,12
952,0
953,0
954,0
955,0
956,0
957,0
958,0
959,0
960,0
961,0
962,0
963,0
964,0
965,0
966,0
967,4
968,23
969,42
970,29
971,34
972,49
973,36
974,19
975,9
976,0
977,0
978,0
979,0
980,0
981,0
982,0
983,0
984,0
985,0
986,0
987,0
988,0
989,0
990,0
991,14
992,93
993,361
994,123
995,174
996,101
997,111
998,53
999,45
1000,0
1001,0
1002,0
1003,0
1004,0
1005,0
1006,0
1007,0
1008,0
1009,0
1010,0
1011,0
1012,0
1013,0
1014,0
1015,14
1016,25
1017,106
1018,91
1019,99
1020,136
1021,113
1022,57
1023,19
1024,0
1025,0
1026,0
1027,0
1028,0
1029,0
1030,0
1031,0
1032,0
1033,0
1034,0
1035,0
1036,0
1037,0
1038,0
1039,28
1040,57
1041,109
1042,135
1043,181
1044,280
1045,239
1046,138
1047,48
1048,0
1049,0
1050,0
1051,0
1052,0
1053,0
1054,0
1055,0
1056,0
1057,0
1058,0
1059,0
1060,0
1061,0
1062,1
1063,25
1064,87
1065,140
1066,326
1067,353
1068,323
1069,264
1070,173
1071,62
1072,1
1073,0
1074,0
1075,0
1076,0
1077,0
1078,0
1079,0
1080,0
1081,0
1082,0
1083,0
1084,0
1085,0
1086,2
1087,62
1088,161
1089,248
1090,301
1091,320
1092,296
1093,236
1094,146
1095,49
1096,0
1097,0
1098,0
1099,0
1100,0
1101,0
1102,0
1103,0
1104,0
1105,0
1106,0
1107,0
1108,0
1109,0
1110,0
1111,8
1112,22
1113,54
1114,40
1115,139
1116,96
1117,222
1118,150
1119,56
1120,0
1121,0
1122,0
1123,0
1124,0
1125,0
1126,0
1127,0
1128,0
1129,0
1130,0
1131,0
1132,0
1133,0
1134,1
1135,25
1136,55
1137,58
1138,216
1139,114
1140,67
1141,62
1142,63
1143,11
1144,0
1145,0
1146,0
1147,0
1148,0
1149,0
1150,0
1151,0
1152,0
1153,0
1154,0
1155,0
1156,0
1157,0
1158,2
1159,20
1160,58
1161,53
1162,68
1163,85
1164,49
1165,35
1166,24
1167,14
1168,0
1169,0
1170,0
1171,0
1172,0
1173,0
1174,0
1175,0
1176,0
1177,0
1178,0
1179,0
1180,0
1181,0
1182,1
1183,13
1184,26
1185,43
1186,71
1187,263
1188,123
1189,90
1190,41
1191,22
1192,0
1193,0
1194,0
1195,0
1196,0
1197,0
1198,0
1199,0
1200,0
1201,0
1202,0
1203,0
1204,0
1205,0
1206,0
1207,14
1208,44
1209,69
1210,76
1211,66
1212,74
1213,39
1214,16
1215,13
1216,1
1217,0
1218,0
1219,0
1220,0
1221,0
1222,0
1223,0
1224,0
1225,0
1226,0
1227,0
1228,0
1229,0
1230,6
1231,91
1232,210
1233,217
1234,307
1235,332
1236,319
1237,237
1238,174
1239,41
1240,1
1241,0
1242,0
1243,0
1244,0
1245,0
1246,0
1247,0
1248,0
1249,0
1250,0
1251,0
1252,0
1253,0
1254,7
1255,103
1256,226
1257,313
1258,368
1259,380
1260,350
1261,277
1262,127
1263,73
1264,1
1265,0
1266,0
1267,0
1268,0
1269,0
1270,0
1271,0
1272,0
1273,0
1274,0
1275,0
1276,0
1277,0
1278,8
1279,34
1280,57
1281,38
1282,28
1283,37
1284,69
1285,36
1286,10
1287,18
1288,0
1289,0
1290,0
1291,0
1292,0
1293,0
1294,0
1295,0
1296,0
1297,0
1298,0
1299,0
1300,0
1301,0
1302,10
1303,136
1304,255
1305,345
1306,92
1307,317
1308,400
1309,354
1310,192
1311,76
1312,3
1313,0
1314,0
1315,0
1316,0
1317,0
1318,0
1319,0
1320,0
1321,0
1322,0
1323,0
1324,0
1325,0
1326,4
1327,50
1328,84
1329,106
1330,69
1331,36
1332,29
1333,23
1334,10
1335,7
1336,0
1337,0
1338,0
1339,0
1340,0
1341,0
1342,0
1343,0
1344,0
1345,0
1346,0
1347,0
1348,0
1349,0
1350,6
1351,21
1352,74
1353,84
1354,116
1355,97
1356,95
1357,49
1358,24
1359,13
1360,0
1361,0
1362,0
1363,0
1364,0
1365,0
1366,0
1367,0
1368,0
1369,0
1370,0
1371,0
1372,0
1373,0
1374,2
1375,21
1376,19
1377,65
1378,25
1379,56
1380,38
1381,30
1382,25
1383,9
1384,0
1385,0
1386,0
1387,0
1388,0
1389,0
1390,0
1391,0
1392,0
1393,0
1394,0
1395,0
1396,0
1397,0
1398,19
1399,35
1400,43
1401,101
1402,132
1403,126
1404,478
1405,149
1406,123
1407,50
1408,3
1409,0
1410,0
1411,0
1412,0
1413,0
1414,0
1415,0
1416,0
1417,0
1418,0
1419,0
1420,0
1421,0
1422,59
1423,50
1424,287
1425,404
1426,176
1427,234
1428,239
1429,411
1430,216
1431,92
1432,4
1433,0
1434,0
1435,0
1436,0
1437,0
1438,0
1439,0
1440,0
1441,0
1442,0
1443,0
1444,0
1445,0
1446,11
1447,212
1448,302
1449,387
1450,299
1451,435
1452,238
1453,223
1454,229
1455,103
1456,6
1457,0
1458,0
1459,0
1460,0
1461,0
1462,0
1463,0
1464,0
1465,0
1466,0
1467,0
1468,0
1469,0
1470,18
1471,49
1472,81
1473,220
1474,299
1475,177
1476,184
1477,272
1478,186
1479,73
1480,3
1481,0
1482,0
1483,0
1484,0
1485,0
1486,0
1487,0
1488,0
1489,0
1490,0
1491,0
1492,0
1493,0
1494,11
1495,44
1496,66
1497,185
1498,220
1499,166
1500,180
1501,117
1502,52
1503,13
1504,2
1505,0
1506,0
1507,0
1508,0
1509,0
1510,0
1511,0
1512,0
1513,0
1514,0
1515,0
1516,0
1517,0
1518,7
1519,10
1520,4
1521,37
1522,105
1523,49
1524,42
1525,117
1526,47
1527,33
1528,5
1529,0
1530,0
1531,0
1532,0
1533,0
1534,0
1535,0
1536,0
1537,0
1538,0
1539,0
1540,0
1541,1
1542,427
1543,224
1544,550
1545,280
1546,561
1547,417
1548,342
1549,128
1550,17
1551,0
1552,0
1553,0
1554,0
1555,0
1556,0
1557,0
1558,0
1559,0
1560,0
1561,0
1562,0
1563,0
1564,26
1565,128
1566,238
1567,196
1568,246
1569,221
1570,213
1571,199
1572,162
1573,36
1574,0
1575,0
1576,0
1577,0
1578,0
1579,0
1580,0
1581,0
1582,0
1583,0
1584,0
1585,0
1586,0
1587,0
1588,0
1589,32
1590,113
1591,248
1592,309
1593,227
1594,340
1595,188
1596,39
1597,71
1598,0
1599,0
1600,0
1601,0
1602,0
1603,0
1604,0
1605,0
1606,0
1607,0
1608,0
1609,0
1610,0
1611,0
1612,0
1613,0
1614,2
1615,57
1616,320
1617,277
1618,90
1619,280
1620,31
1621,0
1622,0
1623,0
1624,0
1625,0
1626,0
1627,0
1628,0
1629,0
1630,0
1631,0
1632,0
1633,0
1634,0
1635,5
1636,60
1637,273
1638,276
1639,329
1640,474
1641,237
1642,82
1643,334
1644,224
1645,115
1646,1
1647,0
1648,0
1649,0
1650,0
1651,0
1652,0
1653,0
1654,0
1655,0
1656,0
1657,0
1658,0
1659,0
1660,121
1661,311
1662,430
1663,532
1664,545
1665,535
1666,450
1667,322
1668,222
1669,107
1670,4
1671,0
1672,0
1673,0
1674,0
1675,0
1676,0
1677,0
1678,0
1679,0
1680,0
1681,0
1682,0
1683,0
1684,45
1685,275
1686,370
1687,396
1688,92
1689,134
1690,184
1691,142
1692,366
1693,165
1694,24
1695,35
1696,0
1697,0
1698,0
1699,0
1700,0
1701,0
1702,0
1703,0
1704,0
1705,0
1706,0
1707,0
1708,0
1709,0
1710,0
1711,15
1712,57
1713,347
1714,484
1715,390
1716,580
1717,226
1718,396
1719,154
1720,142
1721,36
1722,0
1723,0
1724,0
1725,0
1726,0
1727,0
1728,0
1729,0
1730,0
1731,0
1732,0
1733,0
1734,0
1735,0
1736,0
1737,0
1738,0
1739,0
1740,0
1741,0
1742,0
1743,0
1744,0
1745,0
1746,0
1747,0
1748,0
1749,0
1750,0
1751,0
1752,0
1753,0
1754,0
1755,0
1756,0
1757,0
1758,0
1759,52
1760,147
1761,136
1762,59
1763,234
1764,203
1765,33
1766,1
1767,0
1768,0
1769,0
1770,0
1771,0
1772,0
1773,0
1774,0
1775,0
1776,0
1777,0
1778,0
1779,0
1780,0
1781,0
1782,0
1783,116
1784,250
1785,491
1786,507
1787,133
1788,107
1789,470
1790,409
1791,319
1792,145
1793,0
1794,0
1795,0
1796,0
1797,0
1798,0
1799,0
1800,0
1801,0
1802,0
1803,0
1804,0
1805,0
1806,0
1807,81
1808,343
1809,318
1810,298
1811,292
1812,356
1813,321
1814,239
1815,197
1816,164
1817,33
1818,0
1819,0
1820,0
1821,0
1822,0
1823,0
1824,0
1825,0
1826,0
1827,0
1828,0
1829,0
1830,0
1831,3
1832,294
1833,303
1834,570
1835,588
1836,574
1837,501
1838,361
1839,188
1840,74
1841,73
1842,0
1843,0
1844,0
1845,0
1846,0
1847,0
1848,0
1849,0
1850,0
1851,172
1852,496
1853,592
1854,624
1855,619
1856,529
1857,369
1858,269
1859,118
1860,6
1861,0
1862,0
1863,0
1864,0
1865,0
1866,0
1867,0
1868,0
1869,0
1870,0
1871,0
1872,0
1873,0
1874,25
1875,92
1876,80
1877,114
1878,191
1879,155
1880,91
1881,119
1882,154
1883,103
1884,11
1885,0
1886,0
1887,0
1888,0
1889,0
1890,0
1891,0
1892,0
1893,0
1894,0
1895,0
1896,0
1897,0
1898,5
1899,88
1900,79
1901,229
1902,314
1903,358
1904,229
1905,137
1906,79
1907,9
1908,0
1909,0
1910,0
1911,0
1912,0
1913,0
1914,0
1915,0
1916,0
1917,0
1918,0
1919,0
1920,0
1921,0
1922,58
1923,185
1924,331
1925,302
1926,559
1927,388
1928,349
1929,186
1930,113
1931,16
1932,0
1933,0
1934,0
1935,0
1936,0
1937,0
1938,0
1939,0
1940,0
1941,0
1942,0
1943,0
1944,0
1945,0
1946,82
1947,163
1948,263
1949,346
1950,589
1951,545
1952,570
1953,393
1954,282
1955,79
1956,61
1957,0
1958,0
1959,0
1960,0
1961,0
1962,0
1963,0
1964,0
1965,0
1966,0
1967,0
1968,0
1969,0
1970,0
1971,2
1972,90
1973,166
1974,152
1975,224
1976,305
1977,79
1978,50
1979,6
1980,0
1981,0
1982,0
1983,0
1984,0
1985,0
1986,0
1987,0
1988,0
1989,0
1990,0
1991,0
1992,0
1993,0
1994,14
1995,84
1996,135
1997,97
1998,209
1999,140
2000,186
2001,108
2002,161
2003,132
2004,40
2005,0
2006,0
2007,0
2008,0
2009,0
2010,0
2011,0
2012,3
2013,1
2014,1
2015,0
2016,18
2017,75
2018,248
2019,365
2020,507
2021,468
2022,533
2023,548
2024,475
2025,299
2026,313
2027,131
2028,71
2029,42
2030,22
2031,7
2032,0
2033,0
2034,2
2035,0
2036,0
2037,0
2038,0
2039,0
2040,0
2041,30
2042,231
2043,349
2044,412
2045,424
2046,565
2047,533
2048,284
2049,318
2050,218
2051,148
2052,66
2053,19
2054,7
2055,3
2056,1
2057,0
2058,0
2059,1
2060,0
2061,0
2062,0
2063,0
2064,2
2065,46
2066,232
2067,333
2068,317
2069,379
2070,261
2071,172
2072,116
2073,121
2074,72
2075,31
2076,1
2077,0
2078,0
2079,0
2080,0
2081,0
2082,0
2083,0
2084,0
2085,0
2086,0
2087,0
2088,0
2089,18
2090,194
2091,498
2092,387
2093,654
2094,720
2095,456
2096,429
2097,257
2098,200
2099,107
2100,1
2101,0
2102,0
2103,0
2104,0
2105,0
2106,0
2107,0
2108,0
2109,0
2110,0
2111,0
2112,0
2113,0
2114,139
2115,261
2116,447
2117,510
2118,660
2119,642
2120,555
2121,397
2122,257
2123,138
2124,75
2125,3
2126,0
2127,0
2128,0
2129,0
2130,0
2131,0
2132,0
2133,0
2134,0
2135,0
2136,0
2137,41
2138,180
2139,486
2140,636
2141,655
2142,378
2143,460
2144,309
2145,326
2146,189
2147,74
2148,10
2149,0
2150,0
2151,0
2152,0
2153,0
2154,0
2155,0
2156,0
2157,0
2158,0
2159,0
2160,0
2161,25
2162,172
2163,619
2164,350
2165,415
2166,230
2167,238
2168,250
2169,353
2170,110
2171,69
2172,0
2173,0
2174,0
2175,0
2176,0
2177,0
2178,0
2179,0
2180,0
2181,0
2182,0
2183,0
2184,2
2185,38
2186,79
2187,164
2188,248
2189,385
2190,414
2191,377
2192,353
2193,215
2194,182
2195,56
2196,6
2197,0
2198,0
2199,0
2200,0
2201,0
2202,0
2203,0
2204,0
2205,0
2206,0
2207,0
2208,0
2209,75
2210,337
2211,470
2212,598
2213,497
2214,388
2215,385
2216,319
2217,334
2218,343
2219,144
2220,95
2221,1
2222,0
2223,0
2224,0
2225,0
2226,0
2227,0
2228,0
2229,0
2230,0
2231,0
2232,0
2233,7
2234,357
2235,529
2236,633
2237,677
2238,707
2239,666
2240,568
2241,429
2242,283
2243,171
2244,93
2245,18
2246,0
2247,0
2248,0
2249,0
2250,9
2251,16
2252,12
2253,1
2254,0
2255,0
2256,27
2257,72
2258,316
2259,537
2260,732
2261,494
2262,524
2263,379
2264,252
2265,267
2266,185
2267,137
2268,36
2269,0
2270,0
2271,0
2272,0
2273,0
2274,0
2275,0
2276,0
2277,0
2278,0
2279,0
2280,0
2281,15
2282,105
2283,523
2284,328
2285,423
2286,344
2287,356
2288,572
2289,167
2290,42
2291,0
2292,0
2293,0
2294,0
2295,0
2296,0
2297,0
2298,0
2299,0
2300,0
2301,0
2302,0
2303,0
2304,0
2305,19
2306,35
2307,60
2308,107
2309,162
2310,192
2311,338
2312,258
2313,365
2314,184
2315,188
2316,28
2317,0
2318,0
2319,0
2320,0
2321,0
2322,0
2323,0
2324,0
2325,0
2326,0
2327,0
2328,23
2329,75
2330,91
2331,517
2332,277
2333,508
2334,353
2335,181
2336,156
2337,182
2338,135
2339,119
2340,12
2341,0
2342,0
2343,0
2344,0
2345,0
2346,0
2347,0
2348,0
2349,0
2350,0
2351,0
2352,17
2353,69
2354,299
2355,211
2356,320
2357,352
2358,346
2359,344
2360,243
2361,429
2362,226
2363,114
2364,0
2365,0
2366,0
2367,0
2368,0
2369,0
2370,0
2371,0
2372,52
2373,165
2374,171
2375,258
2376,248
2377,377
2378,555
2379,220
2380,251
2381,183
2382,253
2383,67
2384,0
2385,0
2386,0
2387,0
2388,0
2389,0
2390,0
2391,0
2392,0
2393,0
2394,0
2395,0
2396,45
2397,241
2398,624
2399,739
2400,832
2401,418
2402,206
2403,347
2404,623
2405,161
2406,71
2407,63
2408,0
2409,0
2410,0
2411,0
2412,0
2413,0
2414,0
2415,0
2416,0
2417,0
2418,0
2419,0
2420,0
2421,154
2422,111
2423,169
2424,213
2425,337
2426,479
2427,707
2428,605
2429,370
2430,256
2431,73
2432,0
2433,0
2434,0
2435,0
2436,0
2437,0
2438,0
2439,0
2440,0
2441,0
2442,0
2443,0
2444,31
2445,210
2446,531
2447,341
2448,291
2449,527
2450,751
2451,333
2452,217
2453,268
2454,143
2455,87
2456,0
2457,0
2458,0
2459,0
2460,0
2461,0
2462,0
2463,0
2464,0
2465,0
2466,0
2467,0
2468,0
2469,353
2470,424
2471,347
2472,479
2473,242
2474,152
2475,236
2476,273
2477,370
2478,117
2479,31
2480,0
2481,0
2482,0
2483,0
2484,0
2485,0
2486,0
2487,0
2488,0
2489,0
2490,0
2491,1
2492,95
2493,272
2494,167
2495,156
2496,182
2497,66
2498,443
2499,254
2500,244
2501,182
2502,27
2503,0
2504,0
2505,0
2506,0
2507,0
2508,0
2509,0
2510,0
2511,0
2512,0
2513,0
2514,0
2515,17
2516,40
2517,83
2518,114
2519,118
2520,255
2521,330
2522,237
2523,131
2524,49
2525,48
2526,209
2527,43
2528,0
2529,0
2530,0
2531,0
2532,0
2533,0
2534,0
2535,0
2536,0
2537,0
2538,0
2539,0
2540,92
2541,62
2542,174
2543,143
2544,540
2545,586
2546,523
2547,293
2548,267
2549,174
2550,176
2551,91
2552,0
2553,0
2554,0
2555,0
2556,0
2557,0
2558,0
2559,0
2560,0
2561,0
2562,0
2563,0
2564,195
2565,312
2566,269
2567,803
2568,418
2569,843
2570,304
2571,331
2572,206
2573,360
2574,267
2575,61
2576,0
2577,0
2578,0
2579,0
2580,0
2581,0
2582,0
2583,0
2584,0
2585,0
2586,0
2587,23
2588,126
2589,39
2590,48
2591,392
2592,326
2593,520
2594,497
2595,733
2596,519
2597,392
2598,296
2599,74
2600,0
2601,0
2602,0
2603,0
2604,0
2605,0
2606,0
2607,0
2608,0
2609,0
2610,0
2611,0
2612,120
2613,311
2614,708
2615,900
2616,927
2617,804
2618,356
2619,385
2620,182
2621,222
2622,172
2623,20
2624,0
2625,0
2626,0
2627,0
2628,0
2629,0
2630,0
2631,0
2632,0
2633,0
2634,0
2635,0
2636,229
2637,12
2638,27
2639,799
2640,835
2641,800
2642,783
2643,756
2644,642
2645,229
2646,354
2647,145
2648,4
2649,0
2650,0
2651,0
2652,0
2653,0
2654,0
2655,0
2656,0
2657,0
2658,0
2659,48
2660,74
2661,268
2662,270
2663,693
2664,532
2665,510
2666,205
2667,252
2668,120
2669,32
2670,1
2671,0
2672,0
2673,0
2674,0
2675,0
2676,0
2677,0
2678,0
2679,0
2680,0
2681,0
2682,0
2683,64
2684,428
2685,469
2686,513
2687,313
2688,339
2689,421
2690,184
2691,376
2692,553
2693,456
2694,231
2695,64
2696,0
2697,0
2698,0
2699,0
2700,0
2701,0
2702,0
2703,0
2704,0
2705,0
2706,0
2707,0
2708,277
2709,138
2710,355
2711,233
2712,130
2713,363
2714,595
2715,156
2716,564
2717,371
2718,278
2719,137
2720,12
2721,0
2722,0
2723,0
2724,0
2725,0
2726,0
2727,0
2728,0
2729,0
2730,0
2731,0
2732,307
2733,530
2734,758
2735,866
2736,816
2737,867
2738,763
2739,665
2740,523
2741,383
2742,314
2743,167
2744,34
2745,0
2746,0
2747,0
2748,0
2749,0
2750,0
2751,0
2752,0
2753,0
2754,0
2755,17
2756,412
2757,428
2758,634
2759,569
2760,657
2761,846
2762,686
2763,603
2764,459
2765,266
2766,193
2767,96
2768,22
2769,1
2770,0
2771,0
2772,0
2773,0
2774,0
2775,0
2776,0
2777,0
2778,0
2779,0
2780,380
2781,503
2782,566
2783,497
2784,766
2785,815
2786,686
2787,563
2788,446
2789,388
2790,243
2791,140
2792,45
2793,14
2794,0
2795,0
2796,0
2797,0
2798,0
2799,0
2800,0
2801,0
2802,7
2803,119
2804,433
2805,505
2806,708
2807,773
2808,803
2809,774
2810,728
2811,634
2812,534
2813,375
2814,293
2815,101
2816,2
2817,0
2818,0
2819,0
2820,0
2821,0
2822,0
2823,0
2824,0
2825,29
2826,87
2827,150
2828,422
2829,393
2830,456
2831,742
2832,775
2833,557
2834,740
2835,628
2836,529
2837,392
2838,337
2839,105
2840,6
2841,0
2842,0
2843,0
2844,0
2845,0
2846,0
2847,0
2848,0
2849,26
2850,66
2851,106
2852,481
2853,655
2854,453
2855,398
2856,421
2857,408
2858,475
2859,86
2860,105
2861,105
2862,21
2863,8
2864,0
2865,0
2866,0
2867,0
2868,0
2869,0
2870,0
2871,0
2872,0
2873,23
2874,44
2875,106
2876,74
2877,152
2878,421
2879,574
2880,532
2881,277
2882,322
2883,418
2884,504
2885,327
2886,224
2887,81
2888,4
2889,0
2890,0
2891,0
2892,0
2893,0
2894,0
2895,0
2896,0
2897,25
2898,71
2899,196
2900,487
2901,560
2902,695
2903,764
2904,804
2905,804
2906,759
2907,632
2908,519
2909,144
2910,58
2911,14
2912,1
2913,0
2914,0
2915,0
2916,0
2917,0
2918,0
2919,0
2920,1
2921,45
2922,113
2923,112
2924,427
2925,569
2926,741
2927,805
2928,826
2929,806
2930,749
2931,654
2932,527
2933,384
2934,273
2935,113
2936,5
2937,0
2938,0
2939,0
2940,0
2941,0
2942,0
2943,0
2944,2
2945,30
2946,42
2947,36
2948,161
2949,106
2950,251
2951,390
2952,335
2953,771
2954,466
2955,731
2956,500
2957,340
2958,83
2959,33
2960,2
2961,0
2962,0
2963,0
2964,0
2965,0
2966,0
2967,0
2968,0
2969,9
2970,77
2971,43
2972,250
2973,130
2974,400
2975,267
2976,339
2977,278
2978,182
2979,320
2980,220
2981,257
2982,87
2983,18
2984,1
2985,0
2986,0
2987,0
2988,0
2989,0
2990,0
2991,0
2992,1
2993,50
2994,13
2995,86
2996,239
2997,215
2998,573
2999,898
3000,379
3001,845
3002,749
3003,662
3004,212
3005,0
3006,0
3007,0
3008,0
3009,0
3010,10
3011,57
3012,88
3013,310
3014,507
3015,369
3016,449
3017,413
3018,660
3019,212
3020,117
3021,112
3022,87
3023,53
3024,68
3025,25
3026,0
3027,0
3028,2
3029,0
3030,0
3031,0
3032,0
3033,0
3034,10
3035,62
3036,126
3037,385
3038,213
3039,235
3040,553
3041,488
3042,278
3043,333
3044,259
3045,285
3046,37
3047,29
3048,97
3049,25
3050,0
3051,0
3052,0
3053,0
3054,0
3055,0
3056,0
3057,0
3058,9
3059,29
3060,93
3061,191
3062,531
3063,671
3064,467
3065,795
3066,813
3067,763
3068,694
3069,572
3070,424
3071,323
3072,132
3073,49
3074,1
3075,0
3076,0
3077,0
3078,0
3079,0
3080,0
3081,0
3082,7
3083,39
3084,110
3085,263
3086,593
3087,695
3088,765
3089,823
3090,855
3091,788
3092,617
3093,278
3094,276
3095,160
3096,74
3097,24
3098,0
3099,0
3100,0
3101,0
3102,0
3103,0
3104,0
3105,0
3106,2
3107,10
3108,18
3109,30
3110,39
3111,63
3112,78
3113,127
3114,101
3115,175
3116,246
3117,282
3118,266
3119,109
3120,41
3121,22
3122,0
3123,0
3124,0
3125,0
3126,0
3127,0
3128,0
3129,0
3130,5
3131,47
3132,84
3133,176
3134,216
3135,340
3136,802
3137,674
3138,421
3139,383
3140,327
3141,260
3142,125
3143,267
3144,84
3145,23
3146,1
3147,0
3148,0
3149,0
3150,0
3151,0
3152,0
3153,0
3154,20
3155,50
3156,117
3157,331
3158,480
3159,765
3160,468
3161,157
3162,180
3163,293
3164,255
3165,195
3166,103
3167,177
3168,100
3169,48
3170,8
3171,0
3172,0
3173,0
3174,0
3175,0
3176,0
3177,0
3178,16
3179,39
3180,62
3181,400
3182,244
3183,680
3184,567
3185,784
3186,446
3187,94
3188,145
3189,40
3190,63
3191,69
3192,28
3193,7
3194,0
3195,0
3196,0
3197,0
3198,0
3199,0
3200,0
3201,0
3202,8
3203,7
3204,31
3205,56
3206,72
3207,899
3208,826
3209,863
3210,279
3211,919
3212,255
3213,624
3214,478
3215,323
3216,215
3217,60
3218,1
3219,0
3220,0
3221,0
3222,0
3223,0
3224,0
3225,0
3226,18
3227,46
3228,82
3229,434
3230,574
3231,687
3232,783
3233,799
3234,678
3235,535
3236,772
3237,629
3238,462
3239,330
3240,101
3241,23
3242,1
3243,0
3244,0
3245,0
3246,0
3247,0
3248,0
3249,1
3250,20
3251,77
3252,117
3253,175
3254,689
3255,728
3256,792
3257,809
3258,815
3259,785
3260,697
3261,586
3262,459
3263,314
3264,204
3265,21
3266,1
3267,0
3268,0
3269,0
3270,0
3271,0
3272,0
3273,0
3274,21
3275,74
3276,112
3277,408
3278,388
3279,614
3280,680
3281,467
3282,383
3283,294
3284,93
3285,266
3286,85
3287,69
3288,45
3289,14
3290,1
3291,0
3292,0
3293,0
3294,0
3295,0
3296,0
3297,1
3298,22
3299,50
3300,62
3301,468
3302,606
3303,733
3304,468
3305,782
3306,420
3307,792
3308,586
3309,489
3310,431
3311,303
3312,211
3313,33
3314,2
3315,0
3316,0
3317,0
3318,0
3319,0
3320,0
3321,2
3322,38
3323,54
3324,111
3325,467
3326,597
3327,721
3328,678
3329,800
3330,843
3331,580
3332,361
3333,598
3334,468
3335,157
3336,99
3337,24
3338,2
3339,0
3340,0
3341,0
3342,0
3343,0
3344,0
3345,1
3346,15
3347,49
3348,124
3349,215
3350,363
3351,712
3352,786
3353,822
3354,823
3355,788
3356,717
3357,607
3358,476
3359,325
3360,261
3361,64
3362,3
3363,0
3364,0
3365,0
3366,0
3367,0
3368,0
3369,2
3370,24
3371,43
3372,55
3373,466
3374,600
3375,712
3376,789
3377,824
3378,828
3379,783
3380,704
3381,588
3382,461
3383,312
3384,241
3385,61
3386,3
3387,0
3388,0
3389,0
3390,0
3391,0
3392,0
3393,9
3394,26
3395,76
3396,184
3397,503
3398,531
3399,715
3400,819
3401,826
3402,628
3403,206
3404,147
3405,118
3406,75
3407,51
3408,21
3409,7
3410,0
3411,0
3412,0
3413,0
3414,0
3415,0
3416,0
3417,0
3418,6
3419,21
3420,37
3421,39
3422,73
3423,114
3424,127
3425,173
3426,135
3427,106
3428,127
3429,84
3430,91
3431,77
3432,53
3433,20
3434,0
3435,0
3436,0
3437,0
3438,0
3439,0
3440,0
3441,0
3442,15
3443,156
3444,191
3445,134
3446,409
3447,236
3448,265
3449,191
3450,246
3451,386
3452,292
3453,217
3454,113
3455,61
3456,21
3457,8
3458,1
3459,0
3460,0
3461,0
3462,0
3463,0
3464,0
3465,4
3466,49
3467,47
3468,215
3469,206
3470,233
3471,592
3472,169
3473,108
3474,231
3475,342
3476,481
3477,471
3478,207
3479,163
3480,79
3481,21
3482,2
3483,0
3484,0
3485,0
3486,0
3487,0
3488,0
3489,5
3490,47
3491,87
3492,346
3493,397
3494,305
3495,887
3496,697
3497,840
3498,861
3499,830
3500,726
3501,610
3502,464
3503,346
3504,159
3505,60
3506,2
3507,0
3508,0
3509,0
3510,0
3511,0
3512,0
3513,7
3514,43
3515,48
3516,342
3517,499
3518,606
3519,733
3520,814
3521,846
3522,849
3523,813
3524,718
3525,604
3526,475
3527,290
3528,136
3529,81
3530,4
3531,0
3532,0
3533,0
3534,0
3535,0
3536,0
3537,5
3538,27
3539,118
3540,180
3541,218
3542,104
3543,116
3544,53
3545,114
3546,43
3547,117
3548,409
3549,160
3550,124
3551,102
3552,150
3553,17
3554,1
3555,0
3556,0
3557,0
3558,0
3559,0
3560,0
3561,3
3562,23
3563,92
3564,92
3565,116
3566,242
3567,121
3568,256
3569,143
3570,325
3571,478
3572,800
3573,668
3574,155
3575,41
3576,75
3577,16
3578,1
3579,0
3580,0
3581,0
3582,0
3583,0
3584,0
3585,0
3586,0
3587,0
3588,9
3589,36
3590,71
3591,368
3592,398
3593,515
3594,705
3595,625
3596,868
3597,886
3598,391
3599,296
3600,17
3601,139
3602,47
3603,114
3604,70
3605,1
3606,0
3607,0
3608,0
3609,0
3610,0
3611,0
3612,1
3613,17
3614,22
3615,116
3616,178
3617,159
3618,152
3619,101
3620,64
3621,225
3622,85
3623,140
3624,101
3625,62
3626,77
3627,18
3628,7
3629,1
3630,0
3631,0
3632,0
3633,0
3634,0
3635,0
3636,5
3637,37
3638,55
3639,384
3640,411
3641,560
3642,462
3643,179
3644,205
3645,145
3646,171
3647,115
3648,43
3649,38
3650,23
3651,82
3652,19
3653,0
3654,0
3655,0
3656,0
3657,0
3658,0
3659,0
3660,0
3661,0
3662,0
3663,23
3664,65
3665,74
3666,423
3667,558
3668,548
3669,760
3670,827
3671,847
3672,853
3673,462
3674,885
3675,620
3676,274
3677,178
3678,61
3679,20
3680,1
3681,0
3682,0
3683,0
3684,0
3685,0
3686,0
3687,9
3688,31
3689,120
3690,117
3691,380
3692,150
3693,242
3694,399
3695,343
3696,255
3697,321
3698,117
3699,189
3700,81
3701,39
3702,22
3703,2
3704,1
3705,0
3706,0
3707,0
3708,0
3709,0
3710,0
3711,14
3712,81
3713,144
3714,265
3715,346
3716,274
3717,302
3718,367
3719,385
3720,350
3721,344
3722,282
3723,122
3724,157
3725,65
3726,25
3727,10
3728,1
3729,0
3730,0
3731,0
3732,0
3733,0
3734,0
3735,4
3736,25
3737,49
3738,106
3739,103
3740,134
3741,217
3742,381
3743,364
3744,566
3745,378
3746,670
3747,686
3748,503
3749,302
3750,198
3751,45
3752,2
3753,0
3754,0
3755,0
3756,0
3757,0
3758,0
3759,13
3760,47
3761,130
3762,222
3763,530
3764,368
3765,437
3766,829
3767,764
3768,846
3769,783
3770,652
3771,452
3772,224
3773,169
3774,60
3775,20
3776,3
3777,0
3778,0
3779,0
3780,0
3781,0
3782,0
3783,12
3784,55
3785,101
3786,313
3787,334
3788,503
3789,626
3790,904
3791,278
3792,535
3793,289
3794,193
3795,220
3796,449
3797,110
3798,62
3799,15
3800,3
3801,0
3802,0
3803,0
3804,0
3805,0
3806,0
3807,32
3808,94
3809,95
3810,219
3811,186
3812,520
3813,255
3814,569
3815,325
3816,433
3817,788
3818,728
3819,683
3820,351
3821,185
3822,73
3823,33
3824,1
3825,0
3826,0
3827,0
3828,0
3829,0
3830,0
3831,19
3832,47
3833,94
3834,409
3835,551
3836,671
3837,775
3838,851
3839,953
3840,842
3841,807
3842,614
3843,573
3844,412
3845,238
3846,74
3847,21
3848,1
3849,0
3850,0
3851,0
3852,0
3853,0
3854,0
3855,19
3856,37
3857,53
3858,414
3859,544
3860,666
3861,762
3862,812
3863,836
3864,821
3865,751
3866,668
3867,548
3868,413
3869,271
3870,135
3871,42
3872,1
3873,0
3874,0
3875,0
3876,0
3877,0
3878,1
3879,25
3880,62
3881,150
3882,199
3883,451
3884,306
3885,727
3886,801
3887,825
3888,808
3889,744
3890,627
3891,542
3892,408
3893,260
3894,110
3895,41
3896,1
3897,0
3898,0
3899,0
3900,0
3901,0
3902,1
3903,22
3904,64
3905,57
3906,507
3907,625
3908,803
3909,353
3910,495
3911,926
3912,391
3913,469
3914,698
3915,614
3916,464
3917,329
3918,156
3919,39
3920,2
3921,0
3922,0
3923,0
3924,0
3925,0
3926,1
3927,19
3928,42
3929,81
3930,539
3931,225
3932,256
3933,289
3934,627
3935,1027
3936,873
3937,851
3938,426
3939,135
3940,115
3941,86
3942,39
3943,13
3944,0
3945,0
3946,0
3947,0
3948,0
3949,0
3950,7
3951,26
3952,29
3953,12
3954,17
3955,22
3956,46
3957,606
3958,686
3959,809
3960,640
3961,347
3962,213
3963,18
3964,39
3965,52
3966,41
3967,2
3968,0
3969,0
3970,0
3971,0
3972,0
3973,0
3974,0
3975,5
3976,17
3977,67
3978,75
3979,121
3980,89
3981,34
3982,366
3983,530
3984,501
3985,241
3986,198
3987,147
3988,150
3989,21
3990,8
3991,4
3992,0
3993,0
3994,0
3995,0
3996,0
3997,0
3998,1
3999,8
4000,28
4001,58
4002,94
4003,143
4004,308
4005,286
4006,200
4007,389
4008,871
4009,379
4010,781
4011,355
4012,376
4013,157
4014,62
4015,26
4016,0
4017,0
4018,0
4019,0
4020,0
4021,0
4022,1
4023,10
4024,37
4025,33
4026,230
4027,453
4028,778
4029,943
4030,1064
4031,875
4032,910
4033,910
4034,919
4035,386
4036,238
4037,259
4038,76
4039,29
4040,1
4041,0
4042,0
4043,0
4044,0
4045,0
4046,1
4047,27
4048,37
4049,146
4050,169
4051,656
4052,790
4053,332
4054,137
4055,408
4056,245
4057,848
4058,142
4059,382
4060,136
4061,125
4062,165
4063,20
4064,0
4065,0
4066,0
4067,0
4068,0
4069,0
4070,1
4071,16
4072,48
4073,164
4074,203
4075,157
4076,504
4077,760
4078,482
4079,311
4080,449
4081,752
4082,665
4083,403
4084,208
4085,342
4086,59
4087,22
4088,0
4089,0
4090,0
4091,0
4092,0
4093,0
4094,2
4095,33
4096,75
4097,156
4098,330
4099,164
4100,84
4101,176
4102,143
4103,485
4104,396
4105,204
4106,268
4107,291
4108,187
4109,111
4110,77
4111,10
4112,0
4113,0
4114,0
4115,0
4116,0
4117,0
4118,0
4119,13
4120,14
4121,34
4122,79
4123,106
4124,150
4125,182
4126,130
4127,110
4128,213
4129,85
4130,100
4131,89
4132,29
4133,26
4134,7
4135,1
4136,0
4137,0
4138,0
4139,0
4140,0
4141,0
4142,0
4143,1
4144,19
4145,26
4146,44
4147,65
4148,95
4149,228
4150,79
4151,145
4152,70
4153,122
4154,44
4155,36
4156,49
4157,36
4158,28
4159,4
4160,0
4161,0
4162,0
4163,0
4164,0
4165,0
4166,0
4167,12
4168,63
4169,67
4170,189
4171,591
4172,961
4173,826
4174,839
4175,278
4176,831
4177,766
4178,658
4179,534
4180,391
4181,290
4182,52
4183,10
4184,0
4185,0
4186,0
4187,0
4188,0
4189,0
4190,1
4191,8
4192,52
4193,117
4194,101
4195,210
4196,222
4197,570
4198,682
4199,425
4200,368
4201,428
4202,269
4203,172
4204,419
4205,180
4206,67
4207,11
4208,0
4209,0
4210,0
4211,0
4212,0
4213,0
4214,1
4215,82
4216,44
4217,162
4218,107
4219,126
4220,317
4221,876
4222,213
4223,563
4224,797
4225,427
4226,301
4227,404
4228,159
4229,54
4230,26
4231,10
4232,0
4233,0
4234,0
4235,0
4236,0
4237,0
4238,1
4239,22
4240,31
4241,108
4242,468
4243,249
4244,676
4245,417
4246,282
4247,991
4248,876
4249,822
4250,790
4251,237
4252,196
4253,106
4254,50
4255,16
4256,0
4257,0
4258,0
4259,0
4260,0
4261,0
4262,1
4263,35
4264,37
4265,51
4266,552
4267,621
4268,631
4269,818
4270,773
4271,882
4272,719
4273,821
4274,632
4275,543
4276,337
4277,286
4278,120
4279,18
4280,0
4281,0
4282,0
4283,0
4284,0
4285,0
4286,4
4287,35
4288,77
4289,84
4290,237
4291,642
4292,519
4293,661
4294,860
4295,768
4296,763
4297,639
4298,457
4299,522
4300,341
4301,372
4302,43
4303,6
4304,0
4305,0
4306,0
4307,0
4308,0
4309,0
4310,2
4311,26
4312,89
4313,214
4314,147
4315,165
4316,204
4317,326
4318,621
4319,607
4320,808
4321,633
4322,300
4323,218
4324,210
4325,94
4326,148
4327,10
4328,0
4329,0
4330,0
4331,0
4332,0
4333,0
4334,1
4335,23
4336,76
4337,51
4338,141
4339,474
4340,751
4341,199
4342,403
4343,591
4344,176
4345,351
4346,740
4347,587
4348,422
4349,113
4350,50
4351,12
4352,0
4353,0
4354,0
4355,0
4356,0
4357,0
4358,2
4359,19
4360,38
4361,48
4362,359
4363,579
4364,318
4365,251
4366,944
4367,301
4368,335
4369,639
4370,684
4371,212
4372,146
4373,120
4374,32
4375,8
4376,0
4377,0
4378,0
4379,0
4380,0
4381,0
4382,3
4383,42
4384,57
4385,174
4386,246
4387,283
4388,269
4389,304
4390,451
4391,395
4392,454
4393,278
4394,315
4395,209
4396,152
4397,67
4398,23
4399,6
4400,0
4401,0
4402,0
4403,0
4404,0
4405,0
4406,0
4407,9
4408,29
4409,123
4410,97
4411,181
4412,497
4413,917
4414,820
4415,861
4416,378
4417,612
4418,448
4419,378
4420,124
4421,305
4422,94
4423,13
4424,0
4425,0
4426,0
4427,0
4428,0
4429,0
4430,0
4431,9
4432,34
4433,107
4434,158
4435,48
4436,225
4437,448
4438,414
4439,352
4440,852
4441,821
4442,580
4443,270
4444,288
4445,120
4446,107
4447,7
4448,0
4449,0
4450,0
4451,0
4452,0
4453,0
4454,1
4455,48
4456,99
4457,86
4458,237
4459,677
4460,677
4461,778
4462,331
4463,992
4464,898
4465,886
4466,685
4467,184
4468,410
4469,164
4470,66
4471,4
4472,0
4473,0
4474,0
4475,0
4476,0
4477,0
4478,2
4479,5
4480,44
4481,145
4482,241
4483,389
4484,280
4485,905
4486,847
4487,864
4488,829
4489,766
4490,503
4491,243
4492,157
4493,81
4494,29
4495,5
4496,0
4497,0
4498,0
4499,0
4500,0
4501,0
4502,1
4503,33
4504,198
4505,126
4506,188
4507,383
4508,710
4509,795
4510,833
4511,842
4512,746
4513,593
4514,424
4515,269
4516,279
4517,185
4518,37
4519,2
4520,0
4521,0
4522,0
4523,0
4524,0
4525,0
4526,0
4527,2
4528,5
4529,20
4530,19
4531,43
4532,75
4533,221
4534,198
4535,564
4536,533
4537,342
4538,423
4539,492
4540,352
4541,238
4542,58
4543,4
4544,0
4545,0
4546,0
4547,0
4548,0
4549,0
4550,1
4551,19
4552,39
4553,73
4554,418
4555,197
4556,706
4557,945
4558,454
4559,974
4560,607
4561,891
4562,284
4563,569
4564,89
4565,319
4566,41
4567,4
4568,0
4569,0
4570,0
4571,0
4572,0
4573,0
4574,0
4575,8
4576,37
4577,112
4578,128
4579,235
4580,333
4581,397
4582,525
4583,765
4584,566
4585,752
4586,564
4587,357
4588,193
4589,147
4590,31
4591,2
4592,0
4593,0
4594,0
4595,0
4596,0
4597,0
4598,0
4599,22
4600,45
4601,65
4602,714
4603,582
4604,694
4605,805
4606,814
4607,666
4608,584
4609,313
4610,313
4611,377
4612,137
4613,70
4614,47
4615,2
4616,0
4617,0
4618,0
4619,0
4620,0
4621,0
4622,1
4623,23
4624,98
4625,66
4626,148
4627,355
4628,120
4629,151
4630,114
4631,228
4632,105
4633,87
4634,203
4635,57
4636,60
4637,37
4638,2
4639,2
4640,0
4641,0
4642,0
4643,0
4644,0
4645,0
4646,0
4647,9
4648,35
4649,91
4650,370
4651,231
4652,381
4653,467
4654,314
4655,837
4656,1029
4657,790
4658,648
4659,328
4660,348
4661,213
4662,47
4663,1
4664,0
4665,0
4666,0
4667,0
4668,0
4669,0
4670,0
4671,26
4672,133
4673,149
4674,140
4675,180
4676,328
4677,598
4678,476
4679,317
4680,246
4681,172
4682,53
4683,101
4684,41
4685,39
4686,10
4687,0
4688,0
4689,0
4690,0
4691,0
4692,0
4693,0
4694,1
4695,8
4696,19
4697,34
4698,62
4699,24
4700,29
4701,107
4702,18
4703,302
4704,155
4705,354
4706,353
4707,534
4708,336
4709,96
4710,13
4711,0
4712,0
4713,0
4714,0
4715,0
4716,0
4717,0
4718,0
4719,34
4720,98
4721,108
4722,244
4723,354
4724,711
4725,618
4726,624
4727,543
4728,468
4729,245
4730,245
4731,143
4732,60
4733,35
4734,9
4735,0
4736,0
4737,0
4738,0
4739,0
4740,0
4741,0
4742,0
4743,7
4744,39
4745,65
4746,129
4747,200
4748,361
4749,620
4750,418
4751,383
4752,370
4753,337
4754,283
4755,168
4756,85
4757,38
4758,19
4759,0
4760,0
4761,0
4762,0
4763,0
4764,0
4765,0
4766,0
4767,21
4768,64
4769,166
4770,423
4771,559
4772,699
4773,226
4774,940
4775,830
4776,757
4777,565
4778,499
4779,430
4780,305
4781,143
4782,13
4783,0
4784,0
4785,0
4786,0
4787,0
4788,0
4789,0
4790,0
4791,6
4792,66
4793,29
4794,50
4795,187
4796,484
4797,789
4798,717
4799,941
4800,461
4801,224
4802,446
4803,296
4804,165
4805,65
4806,18
4807,0
4808,0
4809,0
4810,0
4811,0
4812,0
4813,0
4814,0
4815,12
4816,91
4817,96
4818,160
4819,574
4820,79
4821,660
4822,106
4823,139
4824,409
4825,918
4826,194
4827,184
4828,249
4829,51
4830,15
4831,0
4832,0
4833,0
4834,0
4835,0
4836,0
4837,0
4838,0
4839,7
4840,25
4841,30
4842,110
4843,87
4844,206
4845,811
4846,810
4847,509
4848,725
4849,597
4850,220
4851,344
4852,129
4853,72
4854,8
4855,0
4856,0
4857,0
4858,0
4859,0
4860,0
4861,0
4862,0
4863,8
4864,32
4865,181
4866,119
4867,39
4868,98
4869,850
4870,530
4871,740
4872,231
4873,664
4874,534
4875,214
4876,225
4877,120
4878,45
4879,19
4880,47
4881,44
4882,44
4883,20
4884,46
4885,41
4886,38
4887,39
4888,78
4889,138
4890,253
4891,591
4892,528
4893,756
4894,881
4895,337
4896,747
4897,693
4898,579
4899,378
4900,177
4901,123
4902,27
4903,25
4904,25
4905,31
4906,32
4907,22
4908,51
4909,43
4910,42
4911,83
4912,85
4913,106
4914,418
4915,441
4916,711
4917,628
4918,496
4919,657
4920,520
4921,413
4922,176
4923,105
4924,75
4925,89
4926,52
4927,21
4928,34
4929,23
4930,31
4931,30
4932,37
4933,41
4934,35
4935,62
4936,81
4937,171
4938,341
4939,340
4940,377
4941,438
4942,543
4943,427
4944,410
4945,523
4946,293
4947,165
4948,263
4949,69
4950,37
4951,15
4952,11
4953,38
4954,35
4955,32
4956,46
4957,53
4958,63
4959,38
4960,28
4961,83
4962,72
4963,69
4964,102
4965,541
4966,489
4967,351
4968,608
4969,712
4970,395
4971,237
4972,229
4973,56
4974,41
4975,47
4976,36
4977,40
4978,43
4979,27
4980,51
4981,28
4982,38
4983,46
4984,81
4985,168
4986,243
4987,263
4988,671
4989,741
4990,302
4991,867
4992,798
4993,239
4994,319
4995,172
4996,199
4997,72
4998,62
4999,46
5000,59
5001,54
5002,56
5003,40
5004,59
5005,39
5006,34
5007,75
5008,89
5009,129
5010,186
5011,231
5012,590
5013,452
5014,628
5015,654
5016,194
5017,292
5018,478
5019,242
5020,101
5021,46
5022,29
5023,37
5024,29
5025,42
5026,43
5027,33
5028,42
5029,40
5030,74
5031,63
5032,132
5033,154
5034,238
5035,60
5036,37
5037,63
5038,48
5039,46
5040,49
5041,50
5042,94
5043,112
5044,212
5045,276
5046,557
5047,666
5048,730
5049,714
5050,741
5051,345
5052,599
5053,324
5054,135
5055,25
5056,28
5057,18
5058,43
5059,30
5060,34
5061,27
5062,35
5063,41
5064,47
5065,48
5066,89
5067,132
5068,315
5069,536
5070,609
5071,646
5072,684
5073,609
5074,388
5075,394
5076,339
5077,253
5078,211
5079,173
5080,150
5081,141
5082,140
5083,140
5084,134
5085,136
5086,134
5087,144
5088,138
5089,141
5090,187
5091,224
5092,260
5093,355
5094,466
5095,860
5096,897
5097,611
5098,406
5099,458
5100,386
5101,495
5102,264
5103,205
5104,158
5105,151
5106,146
5107,145
5108,141
5109,135
5110,141
5111,140
5112,138
5113,140
5114,186
5115,216
5116,327
5117,348
5118,351
5119,377
5120,1061
5121,355
5122,348
5123,814
5124,674
5125,584
5126,304
5127,239
5128,152
5129,144
5130,129
5131,139
5132,143
5133,144
5134,142
5135,147
5136,141
5137,141
5138,164
5139,223
5140,496
5141,319
5142,476
5143,705
5144,488
5145,601
5146,603
5147,599
5148,495
5149,231
5150,396
5151,264
5152,148
5153,145
5154,131
5155,137
5156,129
5157,130
5158,124
5159,129
5160,139
5161,152
5162,158
5163,166
5164,163
5165,189
5166,249
5167,235
5168,303
5169,464
5170,522
5171,785
5172,223
5173,353
5174,234
5175,190
5176,150
5177,139
5178,150
5179,138
5180,144
5181,138
5182,138
5183,144
5184,142
5185,141
5186,170
5187,222
5188,259
5189,381
5190,277
5191,350
5192,797
5193,826
5194,765
5195,727
5196,544
5197,398
5198,102
5199,217
5200,163
5201,143
5202,135
5203,117
5204,84
5205,86
5206,65
5207,58
5208,75
5209,97
5210,105
5211,170
5212,505
5213,642
5214,772
5215,817
5216,834
5217,791
5218,717
5219,648
5220,465
5221,221
5222,244
5223,195
5224,148
5225,142
5226,147
5227,129
5228,132
5229,144
5230,134
5231,140
5232,142
5233,146
5234,176
5235,218
5236,464
5237,349
5238,442
5239,750
5240,584
5241,843
5242,579
5243,293
5244,220
5245,205
5246,184
5247,179
5248,144
5249,140
5250,141
5251,135
5252,137
5253,142
5254,140
5255,139
5256,141
5257,148
5258,172
5259,183
5260,375
5261,646
5262,750
5263,826
5264,789
5265,841
5266,768
5267,628
5268,433
5269,214
5270,200
5271,180
5272,145
5273,135
5274,144
5275,145
5276,138
5277,140
5278,151
5279,147
5280,142
5281,141
5282,215
5283,247
5284,361
5285,385
5286,427
5287,490
5288,500
5289,330
5290,269
5291,205
5292,180
5293,194
5294,149
5295,171
5296,154
5297,144
5298,140
5299,141
5300,140
5301,141
5302,148
5303,142
5304,140
5305,144
5306,181
5307,255
5308,189
5309,437
5310,434
5311,432
5312,453
5313,569
5314,239
5315,174
5316,289
5317,202
5318,151
5319,160
5320,146
5321,139
5322,138
5323,140
5324,139
5325,139
5326,141
5327,140
5328,141
5329,136
5330,160
5331,220
5332,277
5333,261
5334,290
5335,264
5336,308
5337,838
5338,291
5339,384
5340,296
5341,444
5342,195
5343,192
5344,150
5345,144
5346,139
5347,145
5348,134
5349,142
5350,139
5351,149
5352,149
5353,149
5354,149
5355,182
5356,260
5357,456
5358,254
5359,354
5360,851
5361,270
5362,946
5363,413
5364,582
5365,458
5366,195
5367,161
5368,139
5369,144
5370,149
5371,148
5372,138
5373,141
5374,130
5375,146
5376,145
5377,148
5378,156
5379,251
5380,327
5381,313
5382,390
5383,509
5384,515
5385,851
5386,677
5387,336
5388,566
5389,205
5390,226
5391,156
5392,140
5393,147
5394,150
5395,141
5396,144
5397,141
5398,146
5399,138
5400,136
5401,142
5402,181
5403,216
5404,331
5405,375
5406,421
5407,419
5408,561
5409,560
5410,758
5411,701
5412,365
5413,320
5414,218
5415,175
5416,143
5417,142
5418,137
5419,133
5420,125
5421,133
5422,126
5423,102
5424,98
5425,96
5426,140
5427,200
5428,339
5429,521
5430,677
5431,730
5432,735
5433,675
5434,628
5435,559
5436,379
5437,244
5438,82
5439,8
5440,0
5441,0
5442,0
5443,0
5444,0
5445,0
5446,0
5447,0
5448,0
5449,5
5450,51
5451,72
5452,104
5453,219
5454,36
5455,621
5456,387
5457,282
5458,520
5459,407
5460,252
5461,230
5462,113
5463,6
5464,0
5465,0
5466,0
5467,0
5468,0
5469,0
5470,0
5471,0
5472,0
5473,7
5474,42
5475,135
5476,442
5477,506
5478,548
5479,258
5480,732
5481,742
5482,271
5483,381
5484,143
5485,198
5486,59
5487,4
5488,0
5489,0
5490,0
5491,0
5492,0
5493,0
5494,0
5495,0
5496,0
5497,5
5498,56
5499,125
5500,272
5501,532
5502,583
5503,432
5504,464
5505,422
5506,114
5507,135
5508,80
5509,78
5510,29
5511,2
5512,0
5513,0
5514,0
5515,2
5516,0
5517,0
5518,0
5519,0
5520,0
5521,6
5522,29
5523,44
5524,256
5525,212
5526,97
5527,705
5528,457
5529,724
5530,645
5531,575
5532,220
5533,206
5534,38
5535,2
5536,0
5537,0
5538,0
5539,0
5540,0
5541,0
5542,0
5543,0
5544,0
5545,7
5546,39
5547,51
5548,407
5549,561
5550,500
5551,690
5552,849
5553,692
5554,590
5555,461
5556,335
5557,213
5558,19
5559,2
5560,0
5561,0
5562,0
5563,0
5564,0
5565,0
5566,0
5567,0
5568,0
5569,9
5570,67
5571,172
5572,402
5573,469
5574,565
5575,631
5576,647
5577,620
5578,334
5579,419
5580,306
5581,201
5582,26
5583,0
5584,0
5585,0
5586,0
5587,0
5588,0
5589,0
5590,0
5591,0
5592,0
5593,3
5594,38
5595,73
5596,64
5597,107
5598,81
5599,164
5600,90
5601,39
5602,50
5603,127
5604,136
5605,18
5606,5
5607,0
5608,0
5609,0
5610,0
5611,0
5612,0
5613,0
5614,0
5615,0
5616,0
5617,2
5618,28
5619,79
5620,164
5621,260
5622,82
5623,615
5624,401
5625,456
5626,211
5627,499
5628,262
5629,197
5630,39
5631,1
5632,0
5633,0
5634,0
5635,0
5636,0
5637,0
5638,0
5639,0
5640,0
5641,2
5642,31
5643,51
5644,388
5645,552
5646,593
5647,649
5648,664
5649,637
5650,575
5651,468
5652,319
5653,167
5654,51
5655,1
5656,0
5657,0
5658,0
5659,0
5660,0
5661,0
5662,0
5663,0
5664,0
5665,5
5666,35
5667,54
5668,332
5669,556
5670,676
5671,197
5672,722
5673,710
5674,636
5675,456
5676,149
5677,148
5678,64
5679,0
5680,0
5681,0
5682,0
5683,0
5684,0
5685,0
5686,0
5687,0
5688,0
5689,5
5690,36
5691,68
5692,388
5693,501
5694,677
5695,667
5696,263
5697,226
5698,588
5699,513
5700,394
5701,208
5702,66
5703,0
5704,0
5705,0
5706,0
5707,0
5708,0
5709,0
5710,0
5711,0
5712,0
5713,6
5714,33
5715,53
5716,293
5717,483
5718,625
5719,522
5720,664
5721,613
5722,559
5723,432
5724,221
5725,160
5726,36
5727,0
5728,0
5729,0
5730,0
5731,0
5732,0
5733,0
5734,0
5735,0
5736,0
5737,3
5738,37
5739,109
5740,330
5741,229
5742,264
5743,532
5744,642
5745,500
5746,106
5747,119
5748,46
5749,34
5750,7
5751,0
5752,0
5753,0
5754,0
5755,0
5756,0
5757,0
5758,0
5759,0
5760,0
5761,2
5762,78
5763,71
5764,75
5765,145
5766,92
5767,13
5768,66
5769,63
5770,138
5771,141
5772,192
5773,89
5774,17
5775,0
5776,0
5777,0
5778,0
5779,0
5780,0
5781,0
5782,0
5783,0
5784,0
5785,4
5786,73
5787,64
5788,182
5789,433
5790,549
5791,752
5792,215
5793,372
5794,461
5795,430
5796,234
5797,81
5798,12
5799,0
5800,0
5801,0
5802,0
5803,0
5804,0
5805,0
5806,0
5807,0
5808,0
5809,2
5810,34
5811,34
5812,22
5813,45
5814,63
5815,383
5816,472
5817,46
5818,527
5819,339
5820,228
5821,29
5822,14
5823,0
5824,0
5825,0
5826,0
5827,0
5828,0
5829,0
5830,0
5831,0
5832,0
5833,3
5834,28
5835,131
5836,211
5837,238
5838,216
5839,155
5840,211
5841,340
5842,234
5843,190
5844,97
5845,123
5846,7
5847,0
5848,0
5849,0
5850,0
5851,0
5852,0
5853,0
5854,0
5855,0
5856,0
5857,3
5858,29
5859,77
5860,374
5861,145
5862,639
5863,542
5864,236
5865,606
5866,204
5867,56
5868,165
5869,31
5870,1
5871,0
5872,0
5873,0
5874,0
5875,0
5876,0
5877,1
5878,0
5879,0
5880,0
5881,0
5882,22
5883,76
5884,112
5885,40
5886,392
5887,161
5888,445
5889,45
5890,121
5891,26
5892,31
5893,21
5894,2
5895,0
5896,0
5897,0
5898,0
5899,0
5900,0
5901,0
5902,0
5903,0
5904,0
5905,1
5906,138
5907,88
5908,193
5909,235
5910,691
5911,118
5912,648
5913,487
5914,489
5915,111
5916,120
5917,120
5918,3
5919,0
5920,0
5921,0
5922,0
5923,0
5924,0
5925,0
5926,0
5927,0
5928,0
5929,1
5930,10
5931,11
5932,30
5933,48
5934,56
5935,171
5936,196
5937,332
5938,471
5939,151
5940,17
5941,24
5942,1
5943,0
5944,0
5945,0
5946,0
5947,0
5948,0
5949,0
5950,0
5951,0
5952,0
5953,2
5954,53
5955,100
5956,177
5957,338
5958,298
5959,405
5960,393
5961,472
5962,465
5963,189
5964,72
5965,9
5966,0
5967,0
5968,0
5969,0
5970,0
5971,0
5972,0
5973,0
5974,0
5975,0
5976,0
5977,1
5978,36
5979,52
5980,112
5981,94
5982,45
5983,492
5984,884
5985,317
5986,392
5987,179
5988,93
5989,75
5990,1
5991,0
5992,0
5993,0
5994,0
5995,0
5996,0
5997,0
5998,0
5999,0
6000,0
6001,2
6002,28
6003,64
6004,499
6005,117
6006,104
6007,159
6008,311
6009,467
6010,432
6011,247
6012,242
6013,85
6014,0
6015,0
6016,0
6017,0
6018,0
6019,0
6020,0
6021,0
6022,0
6023,0
6024,0
6025,1
6026,22
6027,84
6028,126
6029,362
6030,323
6031,285
6032,252
6033,384
6034,482
6035,131
6036,24
6037,16
6038,0
6039,0
6040,0
6041,0
6042,0
6043,0
6044,0
6045,0
6046,0
6047,0
6048,0
6049,1
6050,31
6051,57
6052,277
6053,443
6054,515
6055,583
6056,517
6057,496
6058,354
6059,335
6060,174
6061,46
6062,0
6063,0
6064,0
6065,0
6066,0
6067,0
6068,0
6069,0
6070,0
6071,0
6072,0
6073,0
6074,44
6075,123
6076,304
6077,363
6078,664
6079,172
6080,418
6081,165
6082,117
6083,80
6084,52
6085,15
6086,0
6087,0
6088,0
6089,0
6090,0
6091,0
6092,0
6093,0
6094,0
6095,0
6096,0
6097,0
6098,37
6099,87
6100,169
6101,408
6102,131
6103,363
6104,628
6105,390
6106,286
6107,122
6108,95
6109,8
6110,0
6111,0
6112,0
6113,0
6114,0
6115,0
6116,0
6117,0
6118,0
6119,0
6120,0
6121,0
6122,25
6123,72
6124,130
6125,138
6126,95
6127,85
6128,120
6129,62
6130,89
6131,91
6132,49
6133,12
6134,0
6135,0
6136,0
6137,0
6138,0
6139,0
6140,0
6141,0
6142,0
6143,0
6144,0
6145,1
6146,47
6147,91
6148,180
6149,328
6150,238
6151,197
6152,136
6153,172
6154,82
6155,68
6156,30
6157,3
6158,0
6159,0
6160,0
6161,0
6162,0
6163,0
6164,0
6165,0
6166,0
6167,0
6168,0
6169,0
6170,17
6171,116
6172,218
6173,398
6174,472
6175,589
6176,523
6177,159
6178,386
6179,216
6180,128
6181,14
6182,0
6183,0
6184,0
6185,0
6186,0
6187,0
6188,0
6189,0
6190,0
6191,0
6192,0
6193,0
6194,12
6195,53
6196,153
6197,251
6198,273
6199,97
6200,79
6201,151
6202,38
6203,57
6204,133
6205,12
6206,0
6207,0
6208,0
6209,0
6210,0
6211,0
6212,0
6213,0
6214,0
6215,0
6216,0
6217,0
6218,9
6219,88
6220,185
6221,110
6222,124
6223,169
6224,497
6225,306
6226,387
6227,240
6228,108
6229,9
6230,0
6231,0
6232,0
6233,0
6234,0
6235,0
6236,0
6237,0
6238,0
6239,0
6240,0
6241,0
6242,21
6243,95
6244,120
6245,156
6246,205
6247,97
6248,170
6249,237
6250,251
6251,100
6252,79
6253,9
6254,0
6255,0
6256,0
6257,0
6258,0
6259,0
6260,0
6261,0
6262,0
6263,0
6264,0
6265,0
6266,28
6267,107
6268,90
6269,164
6270,243
6271,492
6272,222
6273,177
6274,165
6275,99
6276,83
6277,9
6278,0
6279,0
6280,0
6281,0
6282,0
6283,0
6284,0
6285,0
6286,0
6287,0
6288,0
6289,0
6290,24
6291,22
6292,123
6293,156
6294,141
6295,98
6296,98
6297,371
6298,82
6299,69
6300,23
6301,2
6302,0
6303,0
6304,0
6305,0
6306,0
6307,0
6308,0
6309,0
6310,0
6311,0
6312,0
6313,0
6314,15
6315,104
6316,180
6317,209
6318,223
6319,248
6320,234
6321,192
6322,144
6323,143
6324,43
6325,2
6326,0
6327,0
6328,0
6329,0
6330,0
6331,0
6332,0
6333,0
6334,0
6335,0
6336,0
6337,0
6338,7
6339,22
6340,20
6341,30
6342,37
6343,48
6344,39
6345,73
6346,33
6347,14
6348,7
6349,0
6350,0
6351,0
6352,0
6353,0
6354,0
6355,0
6356,0
6357,0
6358,0
6359,0
6360,0
6361,0
6362,18
6363,58
6364,293
6365,398
6366,297
6367,596
6368,478
6369,391
6370,328
6371,156
6372,38
6373,1
6374,0
6375,0
6376,0
6377,0
6378,0
6379,0
6380,0
6381,0
6382,0
6383,0
6384,0
6385,0
6386,3
6387,76
6388,93
6389,387
6390,189
6391,165
6392,196
6393,91
6394,33
6395,46
6396,5
6397,1
6398,0
6399,0
6400,0
6401,0
6402,0
6403,0
6404,0
6405,0
6406,0
6407,0
6408,0
6409,0
6410,17
6411,111
6412,288
6413,85
6414,395
6415,513
6416,400
6417,225
6418,378
6419,155
6420,31
6421,1
6422,0
6423,0
6424,0
6425,0
6426,0
6427,0
6428,0
6429,0
6430,0
6431,0
6432,0
6433,1
6434,6
6435,25
6436,35
6437,44
6438,58
6439,109
6440,126
6441,41
6442,12
6443,27
6444,11
6445,0
6446,0
6447,0
6448,0
6449,0
6450,0
6451,0
6452,0
6453,0
6454,0
6455,0
6456,0
6457,0
6458,3
6459,10
6460,24
6461,39
6462,112
6463,88
6464,447
6465,345
6466,42
6467,78
6468,16
6469,0
6470,0
6471,0
6472,0
6473,0
6474,0
6475,0
6476,0
6477,0
6478,0
6479,0
6480,0
6481,0
6482,18
6483,54
6484,266
6485,388
6486,451
6487,487
6488,456
6489,360
6490,284
6491,85
6492,19
6493,0
6494,0
6495,0
6496,0
6497,0
6498,0
6499,0
6500,0
6501,0
6502,0
6503,0
6504,0
6505,0
6506,4
6507,17
6508,34
6509,49
6510,116
6511,123
6512,102
6513,133
6514,119
6515,24
6516,5
6517,0
6518,0
6519,0
6520,0
6521,0
6522,0
6523,0
6524,0
6525,0
6526,0
6527,0
6528,0
6529,0
6530,18
6531,101
6532,285
6533,381
6534,439
6535,469
6536,489
6537,391
6538,307
6539,151
6540,32
6541,0
6542,0
6543,0
6544,0
6545,0
6546,0
6547,0
6548,0
6549,0
6550,0
6551,0
6552,0
6553,0
6554,29
6555,168
6556,273
6557,209
6558,440
6559,453
6560,540
6561,177
6562,210
6563,66
6564,15
6565,0
6566,0
6567,0
6568,0
6569,0
6570,0
6571,0
6572,0
6573,0
6574,0
6575,0
6576,0
6577,0
6578,12
6579,54
6580,170
6581,170
6582,215
6583,154
6584,48
6585,58
6586,31
6587,39
6588,8
6589,0
6590,0
6591,0
6592,0
6593,0
6594,0
6595,0
6596,0
6597,0
6598,0
6599,0
6600,0
6601,0
6602,7
6603,47
6604,13
6605,39
6606,68
6607,40
6608,56
6609,36
6610,26
6611,11
6612,11
6613,0
6614,0
6615,0
6616,0
6617,0
6618,0
6619,0
6620,0
6621,0
6622,0
6623,0
6624,0
6625,0
6626,11
6627,204
6628,302
6629,506
6630,451
6631,196
6632,146
6633,149
6634,198
6635,22
6636,4
6637,0
6638,0
6639,0
6640,0
6641,0
6642,0
6643,0
6644,0
6645,0
6646,0
6647,0
6648,0
6649,0
6650,17
6651,74
6652,86
6653,168
6654,184
6655,88
6656,44
6657,33
6658,48
6659,18
6660,2
6661,0
6662,0
6663,0
6664,0
6665,0
6666,0
6667,0
6668,0
6669,0
6670,0
6671,0
6672,0
6673,0
6674,2
6675,17
6676,49
6677,64
6678,96
6679,142
6680,50
6681,62
6682,29
6683,6
6684,1
6685,0
6686,0
6687,0
6688,0
6689,0
6690,0
6691,0
6692,0
6693,0
6694,0
6695,0
6696,0
6697,0
6698,12
6699,57
6700,75
6701,127
6702,355
6703,322
6704,176
6705,271
6706,182
6707,76
6708,5
6709,0
6710,0
6711,0
6712,0
6713,0
6714,0
6715,0
6716,0
6717,0
6718,0
6719,0
6720,0
6721,0
6722,7
6723,34
6724,154
6725,179
6726,126
6727,208
6728,272
6729,94
6730,47
6731,19
6732,1
6733,0
6734,0
6735,0
6736,0
6737,0
6738,0
6739,0
6740,0
6741,0
6742,0
6743,0
6744,0
6745,0
6746,12
6747,68
6748,126
6749,334
6750,139
6751,257
6752,332
6753,119
6754,88
6755,39
6756,2
6757,0
6758,0
6759,0
6760,0
6761,0
6762,0
6763,0
6764,0
6765,0
6766,0
6767,0
6768,0
6769,0
6770,8
6771,67
6772,80
6773,134
6774,102
6775,76
6776,59
6777,36
6778,12
6779,12
6780,0
6781,0
6782,0
6783,0
6784,0
6785,0
6786,0
6787,0
6788,0
6789,0
6790,0
6791,0
6792,0
6793,0
6794,2
6795,22
6796,92
6797,189
6798,304
6799,114
6800,65
6801,50
6802,59
6803,31
6804,0
6805,0
6806,0
6807,0
6808,0
6809,0
6810,0
6811,0
6812,0
6813,0
6814,0
6815,0
6816,0
6817,0
6818,5
6819,32
6820,106
6821,104
6822,42
6823,65
6824,145
6825,45
6826,31
6827,32
6828,1
6829,0
6830,0
6831,0
6832,0
6833,0
6834,0
6835,0
6836,0
6837,0
6838,0
6839,0
6840,0
6841,0
6842,8
6843,46
6844,52
6845,85
6846,87
6847,73
6848,160
6849,128
6850,24
6851,8
6852,0
6853,0
6854,0
6855,0
6856,0
6857,0
6858,0
6859,0
6860,0
6861,0
6862,0
6863,0
6864,0
6865,0
6866,23
6867,36
6868,72
6869,105
6870,126
6871,56
6872,97
6873,62
6874,33
6875,9
6876,0
6877,0
6878,0
6879,0
6880,0
6881,0
6882,0
6883,0
6884,0
6885,0
6886,0
6887,0
6888,0
6889,0
6890,4
6891,32
6892,120
6893,174
6894,159
6895,193
6896,334
6897,115
6898,58
6899,15
6900,0
6901,0
6902,0
6903,0
6904,0
6905,0
6906,0
6907,0
6908,0
6909,0
6910,0
6911,0
6912,0
6913,0
6914,3
6915,25
6916,33
6917,24
6918,24
6919,20
6920,27
6921,23
6922,15
6923,8
6924,0
6925,0
6926,0
6927,0
6928,0
6929,0
6930,0
6931,0
6932,0
6933,0
6934,0
6935,0
6936,0
6937,0
6938,1
6939,22
6940,31
6941,74
6942,224
6943,143
6944,222
6945,130
6946,65
6947,18
6948,0
6949,0
6950,0
6951,0
6952,0
6953,0
6954,0
6955,0
6956,0
6957,0
6958,0
6959,0
6960,0
6961,0
6962,6
6963,54
6964,74
6965,268
6966,216
6967,218
6968,81
6969,52
6970,40
6971,14
6972,0
6973,0
6974,0
6975,0
6976,0
6977,0
6978,0
6979,0
6980,0
6981,0
6982,0
6983,0
6984,0
6985,0
6986,8
6987,101
6988,205
6989,208
6990,360
6991,143
6992,101
6993,129
6994,35
6995,5
6996,0
6997,0
6998,0
6999,0
7000,0
7001,0
7002,0
7003,0
7004,0
7005,0
7006,0
7007,0
7008,0
7009,0
7010,5
7011,23
7012,33
7013,46
7014,101
7015,119
7016,113
7017,32
7018,10
7019,3
7020,0
7021,0
7022,0
7023,0
7024,0
7025,0
7026,0
7027,3
7028,0
7029,0
7030,0
7031,0
7032,0
7033,5
7034,71
7035,199
7036,279
7037,315
7038,284
7039,217
7040,212
7041,89
7042,9
7043,0
7044,0
7045,0
7046,0
7047,0
7048,0
7049,0
7050,0
7051,0
7052,0
7053,0
7054,0
7055,0
7056,0
7057,8
7058,94
7059,193
7060,272
7061,310
7062,289
7063,226
7064,60
7065,30
7066,9
7067,0
7068,0
7069,0
7070,0
7071,0
7072,0
7073,0
7074,0
7075,0
7076,0
7077,0
7078,0
7079,0
7080,0
7081,5
7082,53
7083,70
7084,299
7085,32
7086,103
7087,152
7088,67
7089,66
7090,5
7091,0
7092,0
7093,0
7094,0
7095,0
7096,0
7097,0
7098,0
7099,0
7100,0
7101,0
7102,0
7103,0
7104,0
7105,4
7106,16
7107,46
7108,51
7109,147
7110,60
7111,36
7112,35
7113,30
7114,1
7115,0
7116,0
7117,0
7118,0
7119,0
7120,0
7121,0
7122,0
7123,0
7124,0
7125,0
7126,0
7127,0
7128,0
7129,6
7130,85
7131,236
7132,104
7133,181
7134,129
7135,93
7136,62
7137,22
7138,2
7139,0
7140,0
7141,0
7142,0
7143,0
7144,0
7145,0
7146,0
7147,0
7148,0
7149,0
7150,0
7151,0
7152,0
7153,2
7154,17
7155,42
7156,115
7157,183
7158,297
7159,73
7160,112
7161,39
7162,0
7163,0
7164,0
7165,0
7166,0
7167,0
7168,0
7169,0
7170,0
7171,0
7172,0
7173,0
7174,0
7175,0
7176,0
7177,2
7178,17
7179,80
7180,84
7181,99
7182,58
7183,65
7184,51
7185,22
7186,1
7187,0
7188,0
7189,0
7190,0
7191,0
7192,0
7193,0
7194,0
7195,0
7196,0
7197,0
7198,0
7199,0
7200,0
7201,1
7202,23
7203,96
7204,58
7205,117
7206,122
7207,93
7208,174
7209,70
7210,9
7211,0
7212,0
7213,0
7214,0
7215,0
7216,0
7217,0
7218,0
7219,0
7220,0
7221,0
7222,0
7223,0
7224,0
7225,4
7226,24
7227,79
7228,248
7229,105
7230,108
7231,229
7232,156
7233,28
7234,2
7235,0
7236,0
7237,0
7238,0
7239,0
7240,0
7241,0
7242,0
7243,0
7244,0
7245,0
7246,0
7247,0
7248,0
7249,4
7250,73
7251,164
7252,234
7253,267
7254,263
7255,188
7256,146
7257,54
7258,1
7259,0
7260,0
7261,0
7262,0
7263,0
7264,0
7265,0
7266,0
7267,0
7268,0
7269,0
7270,0
7271,0
7272,0
7273,3
7274,30
7275,110
7276,113
7277,151
7278,94
7279,114
7280,120
7281,29
7282,0
7283,0
7284,0
7285,0
7286,0
7287,0
7288,0
7289,0
7290,0
7291,0
7292,0
7293,0
7294,0
7295,0
7296,0
7297,4
7298,18
7299,70
7300,89
7301,55
7302,25
7303,31
7304,16
7305,7
7306,0
7307,0
7308,0
7309,0
7310,0
7311,0
7312,0
7313,0
7314,0
7315,0
7316,0
7317,0
7318,0
7319,0
7320,0
7321,1
7322,36
7323,5
7324,262
7325,122
7326,30
7327,71
7328,47
7329,4
7330,0
7331,0
7332,0
7333,0
7334,0
7335,0
7336,0
7337,0
7338,0
7339,0
7340,0
7341,0
7342,0
7343,0
7344,0
7345,1
7346,35
7347,184
7348,234
7349,225
7350,255
7351,253
7352,52
7353,18
7354,0
7355,0
7356,0
7357,0
7358,0
7359,0
7360,0
7361,0
7362,0
7363,0
7364,0
7365,0
7366,0
7367,0
7368,0
7369,1
7370,7
7371,42
7372,68
7373,109
7374,135
7375,95
7376,72
7377,21
7378,0
7379,0
7380,0
7381,0
7382,0
7383,0
7384,0
7385,0
7386,0
7387,0
7388,0
7389,0
7390,0
7391,0
7392,0
7393,2
7394,54
7395,152
7396,216
7397,203
7398,220
7399,243
7400,66
7401,16
7402,0
7403,0
7404,0
7405,0
7406,0
7407,0
7408,0
7409,0
7410,0
7411,0
7412,0
7413,0
7414,0
7415,0
7416,0
7417,0
7418,3
7419,15
7420,65
7421,229
7422,221
7423,177
7424,105
7425,23
7426,0
7427,0
7428,0
7429,0
7430,0
7431,0
7432,0
7433,0
7434,0
7435,0
7436,0
7437,0
7438,0
7439,0
7440,0
7441,2
7442,35
7443,64
7444,192
7445,199
7446,101
7447,152
7448,112
7449,16
7450,0
7451,0
7452,0
7453,0
7454,0
7455,0
7456,0
7457,0
7458,0
7459,0
7460,0
7461,0
7462,0
7463,0
7464,0
7465,0
7466,10
7467,9
7468,56
7469,46
7470,69
7471,55
7472,30
7473,4
7474,0
7475,0
7476,1
7477,0
7478,0
7479,0
7480,0
7481,0
7482,0
7483,0
7484,0
7485,0
7486,0
7487,0
7488,0
7489,1
7490,26
7491,126
7492,102
7493,69
7494,208
7495,170
7496,46
7497,12
7498,0
7499,0
7500,0
7501,0
7502,1
7503,0
7504,0
7505,0
7506,0
7507,0
7508,0
7509,0
7510,0
7511,0
7512,0
7513,0
7514,14
7515,42
7516,86
7517,242
7518,172
7519,94
7520,26
7521,6
7522,0
7523,0
7524,0
7525,0
7526,0
7527,0
7528,0
7529,0
7530,0
7531,0
7532,0
7533,0
7534,0
7535,0
7536,0
7537,1
7538,47
7539,126
7540,108
7541,224
7542,197
7543,58
7544,64
7545,8
7546,0
7547,0
7548,0
7549,0
7550,0
7551,0
7552,0
7553,0
7554,0
7555,0
7556,0
7557,0
7558,0
7559,0
7560,0
7561,4
7562,26
7563,57
7564,160
7565,161
7566,122
7567,58
7568,44
7569,7
7570,0
7571,0
7572,0
7573,0
7574,0
7575,0
7576,0
7577,0
7578,0
7579,0
7580,0
7581,0
7582,0
7583,0
7584,0
7585,0
7586,20
7587,65
7588,79
7589,136
7590,84
7591,45
7592,30
7593,4
7594,0
7595,0
7596,0
7597,0
7598,0
7599,0
7600,0
7601,0
7602,0
7603,0
7604,0
7605,0
7606,0
7607,0
7608,0
7609,0
7610,25
7611,61
7612,27
7613,23
7614,28
7615,11
7616,5
7617,2
7618,0
7619,0
7620,0
7621,0
7622,0
7623,0
7624,0
7625,0
7626,0
7627,0
7628,0
7629,0
7630,0
7631,0
7632,0
7633,0
7634,8
7635,128
7636,19
7637,26
7638,12
7639,26
7640,68
7641,7
7642,0
7643,0
7644,0
7645,0
7646,1
7647,0
7648,0
7649,0
7650,0
7651,0
7652,0
7653,0
7654,0
7655,0
7656,0
7657,0
7658,19
7659,58
7660,72
7661,100
7662,95
7663,93
7664,29
7665,18
7666,0
7667,0
7668,0
7669,0
7670,0
7671,0
7672,0
7673,0
7674,0
7675,0
7676,0
7677,0
7678,0
7679,0
7680,0
7681,0
7682,10
7683,17
7684,172
7685,126
7686,127
7687,65
7688,13
7689,3
7690,0
7691,0
7692,0
7693,0
7694,0
7695,0
7696,0
7697,0
7698,0
7699,0
7700,0
7701,0
7702,0
7703,0
7704,0
7705,0
7706,24
7707,43
7708,98
7709,116
7710,55
7711,61
7712,18
7713,1
7714,0
7715,0
7716,0
7717,0
7718,0
7719,0
7720,0
7721,0
7722,0
7723,0
7724,0
7725,0
7726,0
7727,0
7728,0
7729,0
7730,8
7731,12
7732,0
7733,0
7734,0
7735,0
7736,0
7737,0
7738,0
7739,0
7740,1
7741,29
7742,56
7743,94
7744,195
7745,119
7746,65
7747,41
7748,1
7749,0
7750,0
7751,0
7752,0
7753,0
7754,0
7755,0
7756,0
7757,0
7758,0
7759,0
7760,0
7761,0
7762,0
7763,0
7764,0
7765,21
7766,32
7767,88
7768,119
7769,88
7770,59
7771,18
7772,1
7773,0
7774,0
7775,0
7776,0
7777,0
7778,0
7779,0
7780,0
7781,0
7782,0
7783,0
7784,0
7785,0
7786,0
7787,0
7788,0
7789,7
7790,12
7791,22
7792,58
7793,57
7794,30
7795,9
7796,0
7797,0
7798,0
7799,0
7800,0
7801,0
7802,0
7803,0
7804,0
7805,0
7806,0
7807,0
7808,0
7809,0
7810,0
7811,0
7812,0
7813,14
7814,122
7815,160
7816,177
7817,96
7818,132
7819,36
7820,1
7821,0
7822,0
7823,0
7824,0
7825,0
7826,0
7827,0
7828,0
7829,0
7830,0
7831,0
7832,0
7833,0
7834,0
7835,0
7836,0
7837,15
7838,32
7839,106
7840,99
7841,73
7842,40
7843,17
7844,2
7845,0
7846,0
7847,0
7848,0
7849,0
7850,0
7851,0
7852,0
7853,0
7854,0
7855,0
7856,0
7857,0
7858,0
7859,0
7860,0
7861,22
7862,94
7863,105
7864,182
7865,151
7866,81
7867,35
7868,0
7869,0
7870,0
7871,0
7872,0
7873,0
7874,0
7875,0
7876,0
7877,0
7878,0
7879,0
7880,0
7881,0
7882,0
7883,0
7884,1
7885,37
7886,99
7887,154
7888,181
7889,164
7890,47
7891,22
7892,0
7893,0
7894,0
7895,0
7896,0
7897,0
7898,0
7899,0
7900,0
7901,0
7902,0
7903,0
7904,0
7905,0
7906,0
7907,0
7908,0
7909,37
7910,17
7911,59
7912,58
7913,130
7914,55
7915,48
7916,0
7917,0
7918,0
7919,0
7920,0
7921,0
7922,0
7923,0
7924,0
7925,0
7926,0
7927,0
7928,0
7929,0
7930,0
7931,0
7932,0
7933,5
7934,20
7935,22
7936,27
7937,31
7938,17
7939,8
7940,0
7941,0
7942,0
7943,0
7944,0
7945,0
7946,0
7947,0
7948,0
7949,0
7950,0
7951,0
7952,0
7953,0
7954,0
7955,0
7956,0
7957,5
7958,9
7959,10
7960,16
7961,12
7962,6
7963,2
7964,0
7965,0
7966,0
7967,0
7968,0
7969,0
7970,0
7971,0
7972,0
7973,0
7974,3
7975,0
7976,0
7977,0
7978,0
7979,0
7980,0
7981,10
7982,48
7983,62
7984,41
7985,111
7986,127
7987,11
7988,0
7989,0
7990,0
7991,0
7992,0
7993,0
7994,0
7995,0
7996,0
7997,0
7998,0
7999,0
8000,0
8001,0
8002,0
8003,0
8004,0
8005,13
8006,40
8007,262
8008,59
8009,138
8010,114
8011,9
8012,0
8013,0
8014,1
8015,0
8016,0
8017,0
8018,0
8019,0
8020,0
8021,0
8022,0
8023,0
8024,0
8025,0
8026,0
8027,0
8028,0
8029,1
8030,27
8031,60
8032,62
8033,77
8034,45
8035,24
8036,4
8037,0
8038,0
8039,0
8040,0
8041,0
8042,0
8043,0
8044,0
8045,0
8046,0
8047,0
8048,0
8049,0
8050,0
8051,0
8052,0
8053,1
8054,29
8055,78
8056,142
8057,75
8058,54
8059,73
8060,16
8061,0
8062,0
8063,0
8064,0
8065,0
8066,0
8067,0
8068,0
8069,0
8070,0
8071,0
8072,0
8073,0
8074,0
8075,0
8076,0
8077,0
8078,2
8079,7
8080,5
8081,5
8082,5
8083,3
8084,0
8085,0
8086,1
8087,0
8088,0
8089,1
8090,0
8091,0
8092,0
8093,0
8094,0
8095,0
8096,15
8097,172
8098,30
8099,44
8100,34
8101,36
8102,13
8103,0
8104,0
8105,0
8106,0
8107,0
8108,0
8109,0
8110,0
8111,0
8112,0
8113,0
8114,0
8115,0
8116,0
8117,0
8118,0
8119,0
8120,17
8121,51
8122,35
8123,58
8124,34
8125,25
8126,17
8127,0
8128,0
8129,0
8130,0
8131,0
8132,0
8133,0
8134,0
8135,0
8136,0
8137,0
8138,0
8139,0
8140,0
8141,0
8142,0
8143,0
8144,14
8145,71
8146,30
8147,144
8148,132
8149,53
8150,10
8151,0
8152,0
8153,0
8154,0
8155,0
8156,0
8157,0
8158,0
8159,0
8160,0
8161,0
8162,0
8163,0
8164,0
8165,0
8166,0
8167,0
8168,70
8169,160
8170,180
8171,157
8172,137
8173,81
8174,12
8175,0
8176,0
8177,0
8178,0
8179,0
8180,0
8181,0
8182,0
8183,0
8184,0
8185,0
8186,0
8187,0
8188,0
8189,0
8190,0
8191,1
8192,27
8193,21
8194,48
8195,13
8196,24
8197,30
8198,22
8199,0
8200,0
8201,0
8202,0
8203,0
8204,0
8205,0
8206,0
8207,0
8208,0
8209,0
8210,0
8211,0
8212,0
8213,0
8214,0
8215,1
8216,15
8217,48
8218,39
8219,68
8220,66
8221,18
8222,8
8223,0
8224,0
8225,0
8226,0
8227,0
8228,0
8229,0
8230,0
8231,0
8232,0
8233,0
8234,0
8235,0
8236,0
8237,0
8238,0
8239,0
8240,12
8241,23
8242,25
8243,33
8244,41
8245,27
8246,4
8247,0
8248,0
8249,0
8250,1
8251,0
8252,0
8253,0
8254,0
8255,0
8256,0
8257,0
8258,0
8259,0
8260,0
8261,0
8262,0
8263,0
8264,7
8265,60
8266,51
8267,59
8268,66
8269,34
8270,4
8271,0
8272,0
8273,0
8274,0
8275,0
8276,0
8277,0
8278,0
8279,0
8280,0
8281,0
8282,0
8283,0
8284,0
8285,0
8286,0
8287,0
8288,25
8289,62
8290,92
8291,86
8292,77
8293,59
8294,15
8295,0
8296,0
8297,0
8298,0
8299,0
8300,0
8301,0
8302,0
8303,0
8304,0
8305,0
8306,0
8307,0
8308,0
8309,0
8310,0
8311,0
8312,4
8313,12
8314,26
8315,38
8316,25
8317,32
8318,16
8319,0
8320,0
8321,0
8322,0
8323,0
8324,0
8325,0
8326,0
8327,0
8328,0
8329,0
8330,0
8331,0
8332,0
8333,0
8334,0
8335,0
8336,7
8337,13
8338,15
8339,23
8340,28
8341,10
8342,5
8343,0
8344,0
8345,0
8346,0
8347,0
8348,0
8349,0
8350,0
8351,0
8352,0
8353,0
8354,0
8355,0
8356,0
8357,0
8358,0
8359,0
8360,5
8361,24
8362,24
8363,56
8364,39
8365,16
8366,8
8367,0
8368,0
8369,0
8370,0
8371,0
8372,0
8373,0
8374,0
8375,0
8376,0
8377,0
8378,0
8379,0
8380,0
8381,0
8382,0
8383,0
8384,1
8385,27
8386,60
8387,27
8388,36
8389,18
8390,11
8391,0
8392,0
8393,0
8394,0
8395,0
8396,0
8397,0
8398,0
8399,0
8400,1
8401,0
8402,0
8403,0
8404,0
8405,0
8406,0
8407,0
8408,6
8409,17
8410,19
8411,21
8412,21
8413,12
8414,2
8415,0
8416,0
8417,0
8418,0
8419,0
8420,0
8421,0
8422,0
8423,0
8424,0
8425,0
8426,0
8427,0
8428,0
8429,0
8430,0
8431,0
8432,44
8433,56
8434,69
8435,160
8436,122
8437,71
8438,9
8439,0
8440,0
8441,0
8442,0
8443,0
8444,0
8445,0
8446,0
8447,0
8448,0
8449,0
8450,0
8451,0
8452,0
8453,0
8454,0
8455,1
8456,10
8457,129
8458,143
8459,242
8460,48
8461,23
8462,7
8463,0
8464,0
8465,0
8466,0
8467,0
8468,0
8469,0
8470,0
8471,0
8472,0
8473,0
8474,0
8475,0
8476,0
8477,0
8478,0
8479,0
8480,12
8481,22
8482,13
8483,39
8484,21
8485,21
8486,6
8487,0
8488,0
8489,0
8490,0
8491,0
8492,0
8493,0
8494,0
8495,0
8496,0
8497,0
8498,0
8499,0
8500,0
8501,0
8502,0
8503,0
8504,9
8505,19
8506,22
8507,14
8508,7
8509,28
8510,6
8511,0
8512,0
8513,0
8514,0
8515,0
8516,0
8517,0
8518,0
